{
  "project_info": {
    "project_number": "957656116526",
    "project_id": "songhub-minhtris",
    "storage_bucket": "songhub-minhtris.appspot.com"
  },
  "client": [
    {
      "client_info": {
        "mobilesdk_app_id": "1:957656116526:android:2590951907fb7d2ef69ebf",
        "android_client_info": {
          "package_name": "tdtufinalproject.soundhub"
        }
      },
      "oauth_client": [
        {
          "client_id": "957656116526-p6n9sk9hpfg77bn4e989ea4oqidnp0d7.apps.googleusercontent.com",
          "client_type": 3
        }
      ],
      "api_key": [
        {
          "current_key": "AIzaSyBHVvFTBxSOepaeiXXdiGkHvT_pOC-9rxk"
        }
      ],
      "services": {
        "appinvite_service": {
          "other_platform_oauth_client": [
            {
              "client_id": "957656116526-p6n9sk9hpfg77bn4e989ea4oqidnp0d7.apps.googleusercontent.com",
              "client_type": 3
            }
          ]
        }
      }
    }
  ],
  "configuration_version": "1"
}